Question 1,Who is making the Web standards?, The World Wide Web Consortium  , Microsoft, Google, Mozilla,A
Question 2,Choose the correct HTML element for the largest heading:, <head>  , <h6>, <heading>, <h1>  ,D
Question 3,Choose the correct HTML element to define important text, <strong>  , <important>, <i>, <b>,A
Question 4,Which character is used to indicate an end tag?, /, ^, <, *,A
Question 5,Which of these elements are all <table> elements?, <table><tr><td>  , <thead><body><tr>, <table><tr><tt>, <table><head><tfoot>,A
Question 6,What is the correct HTML for making a text input field?," <input type=""textfield"">  "," <input type=""text"">  "," <textinput type=""text""> ", <textfield>,B
Question 7,What is the correct HTML for making a drop-down list?," <input type=""list"">", <list>," <input type=""dropdown"">", <select>  ,D
Question 8,The HTML <canvas> element is used to:, display database records, create draggable elements, manipulate data in MySQL, draw graphics  ,D
Question 9,"In HTML, which attribute is used to specify that an input field must be filled out?", required  , validate, placeholder, formvalidate,A
Question 10,Which HTML element is used to display a scalar measurement within a range?, <measure>, <range>, <meter>  , <gauge>,C
