Question 1,What does CSS stand for?, Computer Style Sheets, Creative Style Sheets, Colorful Style Sheets, Cascading Style Sheets  ,D
Question 2,Which HTML attribute is used to define inline styles?, font, style  , class, styles,B
Question 3,Which is the correct CSS syntax?, body {color: black;}  , {body;color:black;}, {body:color=black;}, body:color=black;,A
Question 4,How do you insert a comment in a CSS file?, // this is a comment, // this is a comment //, ' this is a comment, /* this is a comment */  ,D
Question 5,Which CSS property controls the text size?, font-style, text-size, text-style, font-size  ,D
Question 6,What is the correct CSS syntax for making all the <p> elements bold?, p {text-size:bold;}," <p style=""font-size:bold;"">", p {font-weight:bold;}  ," <p style=""text-size:bold;"">",C
Question 7,How do you display hyperlinks without an underline?, a {decoration:no-underline;}, a {underline:none;}, a {text-decoration:no-underline;}, a {text-decoration:none;}  ,D
Question 8,How do you make each word in a text start with a capital letter?, You can't do that with CSS, transform:capitalize, text-style:capitalize, text-transform:capitalize  ,D
Question 9,How do you select an element with id 'demo'?, demo, #demo  , .demo, *demo,B
Question 10,How do you select elements with class name 'test'?, test, .test  , *test, #test,B
